"station_id","location","province"
"217041","Qubed, Nathiagali","unknown"
"160484","Turlandi, Swabi","sindh"
"224681","D-12, Islamabad","unknown"
"160497","Satyana Road, Faisalabad","unknown"
"169631","Killi Harumzai, Pishin","balochistan"
"ILAHOR38","Hotel Nova Lahore","unknown"
"165743","Awan Town Lahore","unknown"
"165799","Data Darbaar Lahore","unknown"
"169682","Tareen Kor Shahrag","balochistan"
"169694","Harnai (Basti Sheikan)","balochistan"
"C13","Gagri Sihala","unknown"
"165897","Lahore DHA Phase 6","unknown"
"176678","Lakki Marwat Manzer Faqir","gb"
"176749","Tank City","gb"
"169767","Killi Khawasam, Mastung","balochistan"
"C14","Bharakahu","unknown"
"188154","Dc office Dadu","gb"
"188166","Johi","gb"
"163674","Abbottabad City","unknown"
"163691","Rian Da Maira Qalandarabad Abbottabad","unknown"
"163746","I-8/3 Islamabad","unknown"
"192287","SSUET Gulshan-e-Iqbal Karachi","balochistan"
"176854","Zarmilana South Waziristan","unknown"
"177200","Jab Valley Haripur District","kpk"
"169859","Khuzdar","balochistan"
"IPASRU1","Ramkey, Pasrur","unknown"
"161483","Mardan City","unknown"
"207397","Pir Sabaq Nowshera","gb"
"C20","Latamber Karak","unknown"
"163831","Kuza Bandai Mingora","gb"
"163843","Aboha Barikot","unknown"
"169947","Sahnri Dera Bugti","balochistan"
"172461","Mansehra Bypass","unknown"
"172475","Garlat Balakot","unknown"
"174619","Khanewal City","unknown"
"161580","Nasrat Khel Kohat","unknown"
"188331","DC office Nushki","kpk"
"188337","Levies Station, Ahmedwal","kpk"
"177303","Marghzar Mansehra","kpk"
"177310","Bakhla Cottage Battal","kpk"
"198090","SM Institute of Earth Sciences, Mang, Sudhnoti","gb"
"177389","Ouch Lower Dir","kpk"
"172577","Ziarat Masoom Galiyat","unknown"
"177408","Bampokha, Buner","kpk"
"C11","Kallar Sayedan","unknown"
"C15","Kirpa","unknown"
"186109","RRI, Kala Shah Kaku","unknown"
"228881","Terrace Grill, Murree","unknown"
"159738","Punjab Universtiy","unknown"
"163601","Kasuri Farms B, Dhillum","punjab"
"163333","Haripur City","punjab"
"158829","Bestway Cement Daud Khel","unknown"
"C21","Liaqatpur","unknown"
"164176","Qambar Shahdadkot","unknown"
"169205","PDMA Peshawar","unknown"
"C16","Buchal Kalan, Kallar Kahar","unknown"
"C17","Pir Mahal","unknown"
"160691","Haveli Lakha city","unknown"
"160700","Kamir Chak No 101/D, Pakpattan","unknown"
"170332","Khuda Bakhsh Gadani Village Mirpur mathelo","punjab"
"175132","Stud Farm Depalpur","punjab"
"147761","Basti Nachung, Jalalpur Peerwala, WW","unknown"
"147492","Khan Bela","unknown"
"162057","Zahir Pir","punjab"
"162130","Vehari Comsats University","punjab"
"164315","Lillyandi Kajlio Sharif Chakwal","punjab"
"164179","Naseerabad","balochistan"
"164181","Dera Allah Yar Jaffarabad","balochistan"
"170382","Moro","punjab"
"175222","Fort Abbas Agricultural Complex MFRO","punjab"
"C12","Kharian City","unknown"
"188822","Met Office, Dera Ismail Khan","punjab"
"188834","Paharpur","punjab"
"177683","Muzaffarabad Gulshan Colony","kpk"
"170426","Baldia Town Karachi","punjab"
"170433","Orangi Town Karachi","punjab"
"175318","Garhi Yaseen","punjab"
"175407","Karoondi Town Khairpur Mirs","punjab"
"162345","Model Town Lahore","punjab"
"162329","T&T Aabpara, Raiwind Road Lahore","punjab"
"177740","Muzaffarabad, Miani Bandi","kpk"
"177802","Khui Ratta","kpk"
"170462","Keemari Port Karachi","punjab"
"170469","Jinnah Garden, Airport Karachi","punjab"
"175416","Sanghar","punjab"
"202114","Januwala, Cholistan","unknown"
"168681","Sialkot Quaid E Azam street, Hamza Ghaus","unknown"
"170481","Tariq Bin Ziyad Society Karachi","punjab"
"170556","Gadap Town, Karachi","punjab"
"162416","Baghbanpura Lahore","punjab"
"162474","Misri Shah Lahore","punjab"
"C23","Sadhoke, Gt road","unknown"
"164594","TK Farms, Bandot Chakbeli Road","punjab"
"164604","Chakri City","punjab"
"168729","Lodhran","unknown"
"170638","Iqra University  North Campus Karachi","punjab"
"173079","Burj Lahore","ajk"
"173126","ARFU Chapu Cholistan","ajk"
"199831","Mehran University, Jamshoro","punjab"
"199834","Mehran University, Khairpur Mirs","punjab"
"175472","Abdul Aziz Burghari Samaro","punjab"
"175480","Khoski Agricultural Complex Khoski","punjab"
"IPINDI7","Mianwala","unknown"
"162498","Sohdra Wazirabad","punjab"
"164690","Kot Sanduki Burhan","unknown"
"191766","Renala Khurd","punjab"
"168734","Nawan Khoo, Kahror Pakka","unknown"
"170712","Daro, Sujawal","punjab"
"175682","Thul Jacobabad","unknown"
"166840","Qasuri Farms, DIkhan Bhakkar Road","islamabad"
"166842","Jhoke Fazal, Bhakkar","islamabad"
"168851","Govt (PST) graduate college, Kamalia","islamabad"
"178269","Daharki","unknown"
"170725","Tando Bhago, Badin","punjab"
"170765","Latifabad, Hyderabad","punjab"
"175830","Aminabad","unknown"
"174057","Dadyal Azad Kashmir","punjab"
"162588","Sarsala Samahani","punjab"
"166865","Layyah City","punjab"
"166868","Kot Addu","punjab"
"168865","Gojra","punjab"
"175970","Fatima AG Solutions Peerowal","punjab"
"166904","Gulshan e Saeed Dera Ghazi Khan","islamabad"
"166907","Muhammad Pur Dewan","islamabad"
"169020","Ahmedpur East","punjab"
"178395","Kariala, Hafizabad","punjab"
"178386","Kot Ladha, gujranwala","punjab"
"166990","Dream Gardens, Multan","punjab"
"167006","Kot Qaisrani","punjab"
"192289","SSUET New Campus, Gadap Town, Karachi","punjab"
"202668","Chak Muzaffarabad Sargodha","punjab"
"160726","Chichawatni","islamabad"
"160777","Mehr Shah Khagga, Haveli Lakha","islamabad"
"C7","Saddar, Rawalpindi","unknown"
"178475","Ghagoki, Phalia","unknown"
"178480","Kuthiala Khurd, Malakwal","unknown"
"IMURREE2","Murree","unknown"
"167088","Taunsa City","punjab"
"167102","Kakriwali, Jallowali","punjab"
"169126","Garha More","punjab"
"C26","Kachnar Park I-8/3","sindh"
"205861","CMF-2 MPCL, Daharki","punjab"
"C4","Rawat, WW","sindh"
"C5","Kusak","sindh"
"168781","Khanpur bagga sher Muzaffargarh","punjab"
"C19","Dhok vaince Multan","sindh"
"185206","Shergarh Okara","punjab"
"C22","Pansera","sindh"
"165326","Choa Saidan Shah","punjab"
"160873","Palm Villas, Jhang","punjab"
"163264","Chak Shahazad","punjab"
"C25","Ghauri Garden Islamabad","sindh"
"169407","Lakaband Zhob","balochistan"
"169438","Qilla Saifullah","balochistan"
"169455","Loralai","balochistan"
"C6","F-11/4, Islamabad","unknown"
"221876","Kot Pindi Das toll plaza","unknown"
"160951","Bhalwal, Sargodha","punjab"
"221803","Sial mor","unknown"
"169497","Barkhan","balochistan"
"169500","KIlli Murradani, Kohlu","balochistan"
"174130","Chak 16M Dunyapur","punjab"
"163360","Haroonabad","punjab"
"163347","Bahawalnagar City","punjab"
"169639","Quetta Airport, Emaan Housing Society","balochistan"
"IKUNRI2","Chak Char","sindh"
"165656","Harappa","unknown"
"174221","Iqbal Nagar Mian Channu","punjab"
"C8","Multan Khurd","unknown"
"C9","Dhurnal","unknown"
"C10","Dhok Zaman Chakrala","unknown"
"165665","Okara City","punjab"
"165726","Manga Mandi","punjab"
"165732","Bahria Town , Lahore","punjab"
"165757","Lahore DHA Phase 3","punjab"
"127500","Bahria Enclave, Islamabad","punjab"
"128168","Swabi City","kpk"
"128522","Ladian, Chakri","kpk"
"IISLAMAB22","Banigala WU","sindh"
"IISLAM13","Quaid e Azam University WU","sindh"
"IISLAM9","G-15 WU","sindh"
"221884","Hiran Minar Toll Plaza","sindh"
"IPUNJA24","Bassali village WU","sindh"
"IISLAM1","Shah House F-10/2 Islamabad","sindh"
"IPUNJA22","Miana Thub, Zone 5, ISB","sindh"
"IRAWAL3","Zaraj, ISB","sindh"
"IISLAMAB7","F-11/2 ISLAMABAD WU","sindh"
"IISLAM11","E-11 ISLAMABAD","sindh"
"IPUNJABR2","WESTRIDGE-I Pindi","sindh"
"IRAWAL18","Bahria Town Phase 8, Rawalpindi WU","sindh"
"IRAWAL29","CHAKLALA SCHEME 3, RWP","sindh"
"IRAWAL16","Gulshanabad, Rawalpindi","sindh"
"INUSHK12","Nushki","sindh"
"IFEDERAL8","Bahria Town - Ph.2, RWP","sindh"
"IKMILPUR2","Waisa Chach Valley","sindh"
"IKHYBERP3","Shahbaz Garhi","sindh"
"IKHYBE2","DANDAO1 Takhtbai","sindh"
"ILAHOR14","Lahore Cantt, WU","sindh"
"I90582126","Kot Rada Kishan","sindh"
"I90582706","Bilal Farms (8/P), Khanpur Dist RYK","sindh"
"ISINDH20","Larkana","sindh"
"ISINDH23","Mirpurkhas, WNPK","sindh"
"ISINDH25","Bahria Town Karachi WU","sindh"
"IMURID1","Chak Telian, Muridke","sindh"
"ITURBA4","Teaching Hospital Turbat","sindh"
"IKARAC33","Dolmen City","sindh"
"IKARAC12","Scheme-33","sindh"
"IKARAC25","Saadi Town","sindh"
"IKARAC24","Malir Cantt","sindh"
"IKARAC17","karachi central","sindh"
"ITANDO3","Tando Allahyar","sindh"
"IKARAC38","Karachi Airport","sindh"
"IJATI2","Sujawal City","sindh"
"101361","Mitha Tiwana","sindh"
"104536","Islamia University Bahawalpur","sindh"
"117090","govtgraduatecollegebhakkar","sindh"
"211337","Johar Town Lahore","sindh"
"128962","NUST University, Islamabad","sindh"
"129010","Mehria Land, Attock City","punjab"
"129104","Shah Allah Ditta, ISB","punjab"
"180025","Kot Gullah","ajk"
"180027","Jaranwala City","sindh"
"129644","Karore Village, Kotli Sattian","punjab"
"129727","Wahali Zer","punjab"
"182269","Barrier 3 Lalazar Colony, Wah","punjab"
"130584","Sir Gojra Mohala Chakwal","punjab"
"130787","Pindi Gheb City","punjab"
"194398","Jhelum City","unknown"
"183871","Garhi Mali Khel, Peshawar","unknown"
"144841","Rustam","islamabad"
"131374","Kalabagh City","punjab"
"147435","WeatherWalay HQ, I-9/2 Islamabad","islamabad"
"131643","Mansehra Shahkheil Garhi","punjab"
"131893","Gulraiz Car Chowk, RWP","punjab"
"220024","Mitha Tiwana Thal TCF","ajk"
"132393","Jalalpur Jattan","punjab"
"132465","PIA Housing Society, Lahore","punjab"
"132463","Ferozewala","punjab"
"206075","Gujranwala City","punjab"
"133029","Muslim Colony Mianwali","punjab"
"133035","Nammal University","punjab"
"133150","Mailsi City","punjab"
"133253","Burewala City","punjab"
"133425","Model Town Hasilpur","punjab"
"133509","Gulgasht, Multan city","islamabad"
"130231","Mirpur city","punjab"
"134031","Bannu city","unknown"
"134038","Dera Ismael Khan","unknown"
"201736","Shaheen hotel, Fort Monroe","unknown"
"129498","Quetta Eastern Bypass","balochistan"
"134268","Gulshan-e-Hadeed Karachi","punjab"
"134297","PIB Colony Karachi","punjab"
"IKARAC41","Sujrani Town PWS WU","sindh"
"IISLAM21","I-10 WU","sindh"
"137535","Diamond Cricket Ground G-8/2","unknown"
"137991","Haji Abad Charsadda","punjab"
"IISLAM25","ISB","sindh"
"IISLAM26","F-8 Islamabad WU","sindh"
"146260","Shimshal Valley","unknown"
"147145","Kulsoom International, Islamabad","punjab"
"C3","D-17, Islamabad","unknown"
"147425","Askari-14, Sec. A, RWP","punjab"
"228127","Kot Momin Toll Plaza","unknown"
"150067","Block E, Satellite Town","punjab"
"150367","Farash Town, WW","unknown"
"150967","Islamia University Bahawalpur, WW","punjab"
"131812","Malian Kalan, Sheikhupura","punjab"
"129090","Gattar, Dina","islamabad"
"129952","Gujjar Khan","punjab"
"142628","Chak 23, Sargodha","punjab"
"139347","Chitti Shiekhan, Sialkot","punjab"
"133500","Kot Agha Jajjah, Pasrur","punjab"
"217831","Saima Arabian Villas, Surjani, Karachi","punjab"
"216612","Chakri Toll Plaza","punjab"
"221544","Balkasar Toll Plaza","punjab"
"221563","Islamabad toll plaza","punjab"
"221555","Neela dulha","punjab"
"221695","Kallar Kahar","punjab"
"221726","Bhera","punjab"
"221703","Lillah Interchange","punjab"
"221746","Salam","punjab"
"221873","Ravi Toll Plaza","punjab"
"221910","Khanqa Dograh Toll Plaza","punjab"
"221938","Pindi Bhattian Toll Plaza","punjab"
