station_id,station_name,location,category
217041,Qubed, Nathiagali,Qubed, Nathiagali,community
160484,Turlandi, Swabi,Turlandi, Swabi,corporate
224681,D-12, Islamabad,Islamabad,  Pakistan,community
160497,Satyana Road, Faisalabad,Satyana Road, Faisalabad,community
169631,Killi Harumzai, Pishin,Killi Harumzai, Pishin,corporate
ILAHOR38,Hotel Nova Lahore,Hotel Nova Lahore,wu
165743,Awan Town Lahore,Awan Town Lahore,community
165799,Data Darbaar Lahore,Data Darbaar Lahore,community
169682,Tareen Kor Shahrag,Tareen Kor Shahrag,corporate
169694,Harnai (Basti Sheikan),Harnai (Basti Sheikan),corporate
C13,Gagri Sihala,Gagri Sihala,community
165897,Lahore DHA Phase 6,Lahore DHA Phase 6,community
176678,Lakki Marwat Manzer Faqir,Lakki Marwat Manzer Faqir,community
176749,Tank City,Tank City,community
169767,Killi Khawasam, Mastung,KIlli Khusam, Mastung,corporate
C14,Bharakahu,Bharakahu,reference
188154,Dc office Dadu,Dc office Dadu,corporate
188166,Johi,Johi,corporate
163674,Abbottabad City,Abbottabad City,community
163691,Rian Da Maira Qalandarabad Abbottabad,Rian Da Maira Qalandarabad Abbottabad,community
163746,I-8/3 Islamabad,I-8/3 Islamabad,community
192287,SSUET Gulshan-e-Iqbal Karachi,SSUET Gulshan-e-Iqbal Karachi,corporate
176854,Zarmilana South Waziristan,Zarmilana South Waziristan,corporate
177200,Jab Valley Haripur District,Jab Valley Haripur District,community
169859,Khuzdar,Khuzdar,corporate
IPASRU1,Ramkey, Pasrur,Ramkey, Pasrur,wu
161483,Mardan City,Mardan City,community
207397,Pir Sabaq Nowshera,Pir Sabaq Nowshera,community
C20,Latamber Karak,Latamber Karak,community
163831,Kuza Bandai Mingora,Kuza Bandai Mingora,community
163843,Aboha Barikot,Aboha Barikot,community
169947,Sahnri Dera Bugti,Sahnri Dera Bugti,corporate
172461,Mansehra Bypass,Mansehra Bypass,reference
172475,Garlat Balakot,Garlat Balakot,reference
174619,Khanewal City,Khanewal City,community
161580,Nasrat Khel Kohat,Nasrat Khel Kohat,community
188331,DC office Nushki,DC office Nushki,corporate
188337,Levies Station, Ahmedwal,Levies Station, Ahmedwal,corporate
177303,Marghzar Mansehra,Marghzar Mansehra,reference
177310,Bakhla Cottage Battal,Bakhla Cottage Battal,reference
198090,SM Institute of Earth Sciences, Mang, Sudhnoti,SM Institute of Earth Sciences, Mang, Sudhnoti,corporate
177389,Ouch Lower Dir,Ouch Lower Dir,community
172577,Ziarat Masoom Galiyat,Ziarat Masoom Galiyat,community
177408,Bampokha, Buner,Bampokha, Buner,corporate
C11,Kallar Sayedan,Kallar Sayedan,community
C15,Kirpa,Kirpa,community
186109,RRI, Kala Shah Kaku,RRI, Kala Shah Kaku,corporate
1294980,HBL Nazim,Ahmad Farms, Dipalpur,corporate
159738,Punjab Universtiy,Punjab Universtiy,corporate
163601,Kasuri Farms B, Dhillum,Kasuri Farms B, Dhillum,corporate
163333,Haripur City,Haripur City,community
158829,Bestway Cement Daud Khel,Bestway Cement Daud Khel,corporate
C21,Liaqatpur,Liaqatpur,community
164176,Qambar Shahdadkot,Qambar Shahdadkot,corporate
169205,Peshawar,Peshawar,corporate
C16,Buchal Kalan, Kallar Kahar,Buchal Kalan, Kallar Kahar,community
C17,Pir Mahal,Pir Mahal,reference
160691,Haveli Lakha city,Haveli Lakha city,reference
160700,Kamir Chak No 101/D, Pakpattan,Kamir Chak No 101/D, Pakpattan,community
170332,Khuda Bakhsh Gadani Village Mirpur mathelo,Khuda Bakhsh Gadani Village Mirpur mathelo,community
175132,Stud Farm Depalpur,Stud Farm Depalpur,corporate
147761,Basti Nachung, Jalalpur Peerwala, WW,Basti Nachung, Jalalpur Peerwala, WW,community
147492,Khan Bela,Khan Bela,community
162057,Zahir Pir,Zahir Pir,community
162130,Vehari Comsats University,Vehari Comsats University,community
164315,Lillyandi Kajlio Sharif Chakwal,Lillyandi Kajlio Sharif Chakwal,community
164179,Naseerabad,Naseerabad,corporate
164181,Dera Allah Yar Jaffarabad,Dera Allah Yar Jaffarabad,corporate
170382,Moro,Moro,community
175222,Fort Abbas Agricultural Complex MFRO,Fort Abbas Agricultural Complex MFRO,corporate
C12,Kharian City,Kharian City,community
188822,Met Office, Dera Ismail Khan,Met Office, Dera Ismail Khan,corporate
188834,Paharpur,Paharpur,corporate
177683,Muzaffarabad Gulshan Colony,Muzaffarabad Gulshan Colony,community
170426,Baldia Town Karachi,Baldia Town Karachi,community
170433,Orangi Town Karachi,Orangi Town Karachi,community
175318,Garhi Yaseen,Garhi Yaseen,corporate
175407,Karoondi Town Khairpur Mirs,Karoondi Town Khairpur Mirs,reference
162345,Model Town Lahore,Model Town Lahore,community
162329,T&T Aabpara, Raiwind Road Lahore,T&T Aabpara, Raiwind Road Lahore,community
177740,Muzaffarabad, Miani Bandi,Muzaffarabad, Miani Bandi,community
177802,Khui Ratta,Khui Ratta,community
170462,Keemari Port Karachi,Keemari Port Karachi,community
170469,Jinnah Garden, Airport Karachi,Jinnah Garden, Airport Karachi,community
175416,Sanghar,Sanghar,community
202114,Januwala, Cholistan,Januwala, Cholistan,corporate
168681,Sialkot Quaid E Azam street, Hamza Ghaus,Sialkot Quaid E Azam street, Hamza Ghaus,community
170481,Tariq Bin Ziyad Society Karachi,Tariq Bin Ziyad Society Karachi,community
170556,Gadap Town, Karachi,Gadap Town, Karachi,corporate
162416,Baghbanpura Lahore,Baghbanpura Lahore,community
162474,Misri Shah Lahore,Misri Shah Lahore,community
C23,Sadhoke, Gt road,Sadhoke, Gt road,community
164594,TK Farms, Bandot Chakbeli Road,TK Farms, Bandot Chakbeli Road,corporate
164604,Chakri City,Chakri City,community
168729,Lodhran,Lodhran,community
170638,Iqra University  North Campus Karachi,Iqra University  North Campus Karachi,corporate
173079,Burj Lahore,Burj Lahore,corporate
173126,ARFU Chapu Cholistan,ARFU Chapu Cholistan,corporate
199831,Mehran University, Jamshoro,Mehran University, Jamshoro,corporate
199834,Mehran University, Khairpur Mirs,Mehran University, Khairpur Mirs,corporate
175472,Abdul Aziz Burghari Samaro,Abdul Aziz Burghari Samaro,community
175480,Khoski Agricultural Complex Khoski,Khoski Agricultural Complex Khoski,corporate
IPINDI7,Mianwala,Mianwala,wu
162498,Sohdra Wazirabad,Sohdra Wazirabad,reference
164690,Kot Sanduki Burhan,Kot Sanduki Burhan,community
191766,Renala Khurd,Renala Khurd,corporate
168734,Nawan Khoo, Kahror Pakka,Nawan Khoo, Kahror Pakka,community
170712,Daro, Sujawal,Daro, Sujawal,community
175682,Thul Jacobabad,Thul Jacobabad,community
166840,Qasuri Farms, DIkhan Bhakkar Road,Qasuri Farms, DIkhan Bhakkar Road,corporate
166842,Jhoke Fazal, Bhakkar,Jhoke Fazal, Bhakkar,community
168851,Govt (PST) graduate college, Kamalia,Govt (PST) graduate college, Kamalia,community
178269,Daharki,Daharki,corporate
170725,Tando Bhago, Badin,Tando Bhago, Badin,community
170765,Latifabad, Hyderabad,Latifabad, Hyderabad,community
175830,Aminabad,Aminabad,corporate
174057,Dadyal Azad Kashmir,Dadyal Azad Kashmir,community
162588,Sarsala Samahani,Sarsala Samahani,community
166865,Layyah City,Layyah City,community
166868,Kot Addu,Kot Addu,community
168865,Gojra,Gojra,community
175970,Fatima AG Solutions Peerowal,Fatima AG Solutions Peerowal,corporate
166904,Gulshan e Saeed Dera Ghazi Khan,Gulshan e Saeed Dera Ghazi Khan,community
166907,Muhammad Pur Dewan,Muhammad Pur Dewan,community
169020,Ahmedpur East,Ahmedpur East,community
178395,Kariala, Hafizabad,Kariala, Hafizabad,community
178386,Kot Ladha, gujranwala,Kot Ladha, gujranwala,community
166990,Dream Gardens, Multan,Dream Gardens, Multan,community
167006,Kot Qaisrani,Kot Qaisrani,community
192289,SSUET New Campus, Gadap Town, Karachi,SSUET New Campus, Gadap Town, Karachi,corporate
202668,Chak Muzaffarabad Sargodha,Chak Muzaffarabad Sargodha,corporate
160726,Chichawatni,Chichawatni,community
160777,Mehr Shah Khagga, Haveli Lakha,Mehr Shah Khagga, Haveli Lakha,corporate
C7,Saddar, Rawalpindi,Saddar, Rawalpindi,reference
178475,Ghagoki, Phalia,Ghagoki, Phalia,reference
178480,Kuthiala Khurd, Malakwal,Kuthiala Khurd, Malakwal,community
IMURREE2,Murree,Murree,wu
167088,Taunsa City,Taunsa City,community
167102,Kakriwali, Jallowali,Kakriwali, Jallowali,community
169126,Garha More,Garha More,community
C26,Kachnar Park I-8/3,Kachnar Park I-8/3,community
205861,CMF-2 MPCL, Daharki,CMF-2 MPCL, Daharki,corporate
C4,Rawat, WW,Rawat, WW,community
C5,Kusak,Kusak,community
168781,Khanpur bagga sher Muzaffargarh,Khanpur bagga sher Muzaffargarh,community
C19,Dhok vaince Multan,Dhok vaince Multan,community
185206,Shergarh Okara,Shergarh Okara,corporate
C22,Pansera,Pansera,community
165326,Choa Saidan Shah,Choa Saidan Shah,community
160873,Palm Villas, Jhang,Palm Villas, Jhang,community
163264,Chak Shahazad,Chak Shahazad,community
C25,Ghauri Garden Islamabad,Ghauri Garden Islamabad,community
169407,Lakaband Zhob,Lakaband Zhob,corporate
169438,Qilla Saifullah,Qilla Saifullah,corporate
169455,Loralai,Loralai,corporate
C6,F-11/4, Islamabad,F-11/4, Islamabad,corporate
160951,Bhalwal, Sargodha,Chak 9,  Pakistan,community
169497,Barkhan,Barkhan,corporate
169500,KIlli Murradani, Kohlu,KIlli Murradani, Kohlu,corporate
174130,Chak 16M Dunyapur,Chak 16M Dunyapur,community
163360,Haroonabad,Haroonabad,community
163347,Bahawalnagar City,Bahawalnagar City,community
169639,Quetta Airport, Emaan Housing Society,Quetta Airport, Emaan Housing Society,corporate
IKUNRI2,Chak Char,Chak Char,wu
165656,Harappa,Harappa,corporate
174221,Iqbal Nagar Mian Channu,Iqbal Nagar Mian Channu,community
C8,Multan Khurd,Multan Khurd,community
C9,Dhurnal,Dhurnal,community
C10,Dhok Zaman Chakrala,Dhok Zaman Chakrala,reference
165665,Okara City,Okara City,community
165726,Manga Mandi,Manga Mandi,corporate
165732,Bahria Town , Lahore,Bahria Town , Lahore,community
165757,Lahore DHA Phase 3,Lahore DHA Phase 3,community
127500,Bahria Enclave, Islamabad,Islamabad,  Pakistan,community
128168,Swabi City,Swabi City,reference
128522,Ladian, Chakri,Ladian, Chakri,community
IISLAMAB22,Banigala WU,Banigala WU,wu
IISLAM13,Quaid e Azam University WU,Quaid e Azam University WU,wu
IISLAM9,G-15 WU,G-15 WU,wu
IPUNJA24,Bassali village WU,Bassali village WU,wu
IISLAM1,Shah House F-10/2 Islamabad,Shah House F-10/2 Islamabad,wu
IPUNJA22,Miana Thub, Zone 5, ISB,Miana Thub, Zone 5, ISB,wu
IRAWAL3,Zaraj, ISB,Zaraj, ISB,wu
IISLAMAB7,F-11/2 ISLAMABAD WU,F-11/2 ISLAMABAD WU,wu
IISLAM11,E-11 ISLAMABAD,E-11 ISLAMABAD,wu
IPUNJABR2,WESTRIDGE-I Pindi,WESTRIDGE-I Pindi,wu
IRAWAL18,Bahria Town Phase 8, Rawalpindi WU,Bahria Town Phase 8, Rawalpindi WU,wu
IRAWAL29,CHAKLALA SCHEME 3, RWP,CHAKLALA SCHEME 3, RWP,wu
IRAWAL16,Gulshanabad, Rawalpindi,Gulshanabad, Rawalpindi,wu
INUSHK12,Nushki,Nushki,wu
IFEDERAL8,Bahria Town - Ph.2, RWP,Bahria Town - Ph.2, RWP,wu
IKMILPUR2,Waisa Chach Valley,Waisa Chach Valley,wu
IKHYBERP3,Shahbaz Garhi,Shahbaz Garhi,wu
IKHYBE2,DANDAO1 Takhtbai,DANDAO1 Takhtbai,wu
ILAHOR14,Lahore Cantt, WU,Lahore Cantt, WU,wu
I90582126,Kot Rada Kishan,Kot Rada Kishan,wu
I90582706,Bilal Farms (8/P), Khanpur Dist RYK,Bilal Farms (8/P), Khanpur Dist RYK,wu
ISINDH20,Larkana,Larkana,wu
ISINDH23,Mirpurkhas, WNPK,Mirpurkhas, WNPK,wu
ISINDH25,Bahria Town Karachi WU,Bahria Town Karachi WU,wu
IMURID1,Chak Telian, Muridke,Chak Telian, Muridke,wu
ITURBA4,Teaching Hospital Turbat,Teaching Hospital Turbat,wu
IKARAC33,Dolmen City,Dolmen City,wu
IKARAC12,Scheme-33,Scheme-33,wu
IKARAC25,Saadi Town,Saadi Town,wu
IKARAC24,Malir Cantt,Malir Cantt,wu
IKARAC17,karachi central,karachi central,wu
ITANDO3,Tando Allahyar,Tando Allahyar,wu
IKARAC38,Karachi Airport,Karachi Airport,wu
IJATI2,Sujawal City,Sujawal City,wu
101361,Mitha Tiwana,Mitha Tiwana,corporate
104536,Islamia University Bahawalpur,Islamia University Bahawalpur,corporate
117090,govtgraduatecollegebhakkar,govtgraduatecollegebhakkar,corporate
211337,Johar Town Lahore,Johar Town Lahore,corporate
128962,NUST University, Islamabad,NUST University, Islamabad,corporate
129010,Mehria Land, Attock City,Attock,  Pakistan,community
129104,Shah Allah Ditta, ISB,Shah Allah Ditta, ISB,community
180025,Kot Gullah,Kot Gullah,community
180027,Jaranwala City,Jaranwala City,reference
129644,Karore Village, Kotli Sattian,Karore Village, Kotli Sattian,community
129727,Wahali Zer,Wahali Zer,community
182269,Barrier 3 Lalazar Colony, Wah,Barrier 3 Lalazar Colony, Wah,community
130584,Sir Gojra Mohala Chakwal,Sir Gojra Mohala Chakwal,community
130787,Pindi Gheb City,Pindi Gheb City,community
194398,Jhelum City,Jhelum City,community
183871,Garhi Mali Khel, Peshawar,Garhi Mali Khel, Peshawar,community
144841,Rustam,Rustam,community
131374,Kalabagh City,Kalabagh City,community
147435,WeatherWalay HQ, I-9/2 Islamabad,WeatherWalay HQ, I-9/2 Islamabad,community
131643,Mansehra Shahkheil Garhi,Mansehra Shahkheil Garhi,community
131893,Gulraiz Car Chowk, RWP,Rawalpindi,  Pakistan,community
220024,Mitha Tiwana Thal TCF,Mitha Tiwana Thal TCF,corporate
132393,Jalalpur Jattan,Jalalpur Jattan,community
132465,PIA Housing Society, Lahore,PIA Housing Society, Lahore,community
132463,Ferozewala,Ferozewala,community
206075,Gujranwala City,Gujranwala City,community
133029,Muslim Colony Mianwali,Muslim Colony Mianwali,reference
133035,Nammal University,Nammal University,corporate
133150,Mailsi City,Mailsi,  Pakistan,community
133253,Burewala City,Burewala,  Pakistan,community
133425,Model Town Hasilpur,Model Town Hasilpur,community
133509,Gulgasht, Multan city,Gulgasht, Multan city,community
130231,Mirpur city,Mirpur city,community
134031,Bannu city,Bannu,  Pakistan,reference
134038,Dera Ismael Khan,Dera Ismael Khan,reference
201736,Shaheen hotel, Fort Monroe,Shaheen hotel, Fort Monroe,community
129498,Quetta Eastern Bypass,Quetta Eastern Bypass,corporate
134268,Gulshan-e-Hadeed Karachi,Gulshan-e-Hadeed Karachi,community
134297,PIB Colony Karachi,PIB Colony Karachi,community
IKARAC41,Sujrani Town PWS WU,Sujrani Town PWS WU,wu
IISLAM21,I-10 WU,I-10 WU,wu
137535,Diamond Cricket Ground G-8/2,Diamond Cricket Ground G-8/2,reference
137991,Haji Abad Charsadda,Haji Abad Charsadda,corporate
IISLAM25,ISB,ISB,wu
IISLAM26,F-8 Islamabad WU,F-8 Islamabad WU,wu
146260,Shimshal Valley,Shimshal Valley,corporate
147145,Kulsoom International, Islamabad,Kulsoom International, Islamabad,corporate
C3,D-17, Islamabad,D-17, Islamabad,reference
147425,Askari-14, Sec. A, RWP,Askari-14, Sec. A, RWP,community
C1,Farhan AWS,Regilalma, Peshawar,reference
150067,Block E, Satellite Town,Block E, Satellite Town,community
150367,Farash Town, WW,Farash Town, WW,reference
150967,Islamia University Bahawalpur, WW,Islamia University Bahawalpur, WW,corporate
131812,Malian Kalan, Sheikhupura,Malian Kalan, Sheikhupura,reference
129090,Gattar, Dina,Gattar, Dina,community
129952,Gujjar Khan,Gujjar Khan,community
142628,Chak 23, Sargodha,Chak 23, Sargodha,corporate
139347,Chitti Shiekhan, Sialkot,Chitti Shiekhan, Sialkot,community
133500,Kot Agha Jajjah, Pasrur,Kot Agha Jajjah, Pasrur,community
217831,Saima Arabian Villas, Surjani, Karachi,Saima Arabian Villas, Surjani, Karachi,community
216612,Chakri Toll Plaza,Rawalpindi,  Pakistan,wow
221544,Balkasar Toll Plaza,Balkasar Toll Plaza,wow
221563,Islamabad toll plaza,Islamabad toll plaza,wow
221555,Neela dulha,Neela dulha,wow
221695,Kallar Kahar,Kallar Kahar,  Pakistan,wow
221726,Bhera,Bhera,wow
221703,Lillah Interchange,Lillah Interchange,wow
221746,Salam,Salam,wow
221873,Ravi Toll Plaza,Ravi Toll Plaza,wow
221910,Khanqa Dograh Toll Plaza,Khanqa Dograh Toll Plaza,wow
221938,Pindi Bhattian Toll Plaza,Pindi Bhattian Toll Plaza,wow
221876,Kot Pindi Das toll plaza,Kot Pindi Das toll plaza,wow
221803,Sial mor,Sial mor,wow
221884,Hiran Minar Toll Plaza,Hiran Minar Toll Plaza,wow
228127,Kot Momin Toll Plaza,Kot Momin Toll Plaza,wow
