station_id,location,province
217041,"Qubed, Nathiagali",KPK
160484,"Turlandi, Swabi",KPK
224681,"D-12, Islamabad",Islamabad
160497,"Satyana Road, Faisalabad",Punjab
169631,"Killi Harumzai, Pishin",Balochistan
ILAHOR38,Hotel Nova Lahore,Punjab
165743,Awan Town Lahore,Punjab
165799,Data Darbaar Lahore,Punjab
169682,Tareen Kor Shahrag,Balochistan
169694,Harnai (Basti Sheikan),Balochistan
C13,Gagri Sihala,Punjab
165897,Lahore DHA Phase 6,Punjab
176678,Lakki Marwat Manzer Faqir,KPK
176749,Tank City,KPK
169767,"Killi Khawasam, Mastung",Balochistan
C14,Bharakahu,Punjab
188154,Dc office Dadu,Sindh
188166,Johi,Sindh
163674,Abbottabad City,KPK
163691,Rian Da Maira Qalandarabad Abbottabad,KPK
163746,I-8/3 Islamabad,Islamabad
192287,SSUET Gulshan-e-Iqbal Karachi,Sindh
176854,Zarmilana South Waziristan,KPK
177200,Jab Valley Haripur District,KPK
169859,Khuzdar,Balochistan
IPASRU1,"Ramkey, Pasrur",Punjab
161483,Mardan City,KPK
207397,Pir Sabaq Nowshera,KPK
C20,Latamber Karak,KPK
163831,Kuza Bandai Mingora,KPK
163843,Aboha Barikot,KPK
169947,Sahnri Dera Bugti,Balochistan
172461,Mansehra Bypass,KPK
172475,Garlat Balakot,KPK
174619,Khanewal City,Punjab
161580,Nasrat Khel Kohat,KPK
188331,DC office Nushki,Balochistan
188337,"Levies Station, Ahmedwal",Balochistan
177303,Marghzar Mansehra,KPK
177310,Bakhla Cottage Battal,KPK
198090,"SM Institute of Earth Sciences, Mang, Sudhnoti",AJK
177389,Ouch Lower Dir,KPK
172577,Ziarat Masoom Galiyat,KPK
177408,"Bampokha, Buner",KPK
C11,Kallar Sayedan,Punjab
C15,Kirpa,Punjab
186109,"RRI, Kala Shah Kaku",Punjab
228881,"Terrace Grill, Murree",Punjab
159738,Punjab Universtiy,Punjab
163601,"Kasuri Farms B, Dhillum",Punjab
163333,Haripur City,KPK
158829,Bestway Cement Daud Khel,Punjab
C21,Liaqatpur,Punjab
164176,Qambar Shahdadkot,Sindh
169205,PDMA Peshawar,KPK
C16,"Buchal Kalan, Kallar Kahar",Punjab
C17,Pir Mahal,Punjab
160691,Haveli Lakha city,Punjab
160700,"Kamir Chak No 101/D, Pakpattan",Punjab
170332,Khuda Bakhsh Gadani Village Mirpur mathelo,Sindh
175132,Stud Farm Depalpur,Punjab
147761,"Basti Nachung, Jalalpur Peerwala, WW",Punjab
147492,Khan Bela,Punjab
162057,Zahir Pir,Punjab
162130,Vehari Comsats University,Punjab
164315,Lillyandi Kajlio Sharif Chakwal,Punjab
164179,Naseerabad,Balochistan
164181,Dera Allah Yar Jaffarabad,Balochistan
170382,Moro,Sindh
175222,Fort Abbas Agricultural Complex MFRO,Punjab
C12,Kharian City,Punjab
188822,"Met Office, Dera Ismail Khan",KPK
188834,Paharpur,KPK
177683,Muzaffarabad Gulshan Colony,AJK
170426,Baldia Town Karachi,Sindh
170433,Orangi Town Karachi,Sindh
175318,Garhi Yaseen,Sindh
175407,Karoondi Town Khairpur Mirs,Sindh
162345,Model Town Lahore,Punjab
162329,"T&T Aabpara, Raiwind Road Lahore",Punjab
177740,"Muzaffarabad, Miani Bandi",AJK
177802,Khui Ratta,AJK
170462,Keemari Port Karachi,Sindh
170469,"Jinnah Garden, Airport Karachi",Sindh
175416,Sanghar,Sindh
202114,"Januwala, Cholistan",Punjab
168681,"Sialkot Quaid E Azam street, Hamza Ghaus",Punjab
170481,Tariq Bin Ziyad Society Karachi,Sindh
170556,"Gadap Town, Karachi",Sindh
162416,Baghbanpura Lahore,Punjab
162474,Misri Shah Lahore,Punjab
C23,"Sadhoke, Gt road",Punjab
164594,"TK Farms, Bandot Chakbeli Road",Punjab
164604,Chakri City,Punjab
168729,Lodhran,Punjab
170638,Iqra University  North Campus Karachi,Sindh
173079,Burj Lahore,Punjab
173126,ARFU Chapu Cholistan,Punjab
199831,"Mehran University, Jamshoro",Sindh
199834,"Mehran University, Khairpur Mirs",Sindh
175472,Abdul Aziz Burghari Samaro,Sindh
175480,Khoski Agricultural Complex Khoski,Sindh
IPINDI7,Mianwala,Punjab
162498,Sohdra Wazirabad,Punjab
164690,Kot Sanduki Burhan,Punjab
191766,Renala Khurd,Punjab
168734,"Nawan Khoo, Kahror Pakka",Punjab
170712,"Daro, Sujawal",Sindh
175682,Thul Jacobabad,Sindh
166840,"Qasuri Farms, DIkhan Bhakkar Road",Punjab
166842,"Jhoke Fazal, Bhakkar",Punjab
168851,"Govt (PST) graduate college, Kamalia",Punjab
178269,Daharki,Sindh
170725,"Tando Bhago, Badin",Sindh
170765,"Latifabad, Hyderabad",Sindh
175830,Aminabad,Punjab
174057,Dadyal Azad Kashmir,AJK
162588,Sarsala Samahani,AJK
166865,Layyah City,Punjab
166868,Kot Addu,Punjab
168865,Gojra,Punjab
175970,Fatima AG Solutions Peerowal,Punjab
166904,Gulshan e Saeed Dera Ghazi Khan,Punjab
166907,Muhammad Pur Dewan,Punjab
169020,Ahmedpur East,Punjab
178395,"Kariala, Hafizabad",Punjab
178386,"Kot Ladha, gujranwala",Punjab
166990,"Dream Gardens, Multan",Punjab
167006,Kot Qaisrani,Punjab
192289,"SSUET New Campus, Gadap Town, Karachi",Sindh
202668,Chak Muzaffarabad Sargodha,Punjab
160726,Chichawatni,Punjab
160777,"Mehr Shah Khagga, Haveli Lakha",Punjab
C7,"Saddar, Rawalpindi",Punjab
178475,"Ghagoki, Phalia",Punjab
178480,"Kuthiala Khurd, Malakwal",Punjab
IMURREE2,Murree,Punjab
167088,Taunsa City,Punjab
167102,"Kakriwali, Jallowali",Punjab
169126,Garha More,Punjab
C26,Kachnar Park I-8/3,Islamabad
205861,"CMF-2 MPCL, Daharki",Sindh
C4,"Rawat, WW",Punjab
C5,Kusak,Punjab
168781,Khanpur bagga sher Muzaffargarh,Punjab
C19,Dhok vaince Multan,Punjab
185206,Shergarh Okara,Punjab
C22,Pansera,Punjab
165326,Choa Saidan Shah,Punjab
160873,"Palm Villas, Jhang",Punjab
163264,Chak Shahazad,Islamabad
C25,Ghauri Garden Islamabad,Islamabad
169407,Lakaband Zhob,Balochistan
169438,Qilla Saifullah,Balochistan
169455,Loralai,Balochistan
C6,"F-11/4, Islamabad",Islamabad
221876,Kot Pindi Das toll plaza,Punjab
160951,"Bhalwal, Sargodha",Punjab
221803,Sial mor,Punjab
169497,Barkhan,Balochistan
169500,"KIlli Murradani, Kohlu",Balochistan
174130,Chak 16M Dunyapur,Punjab
163360,Haroonabad,Punjab
163347,Bahawalnagar City,Punjab
169639,"Quetta Airport, Emaan Housing Society",Balochistan
IKUNRI2,Chak Char,Sindh
165656,Harappa,Punjab
174221,Iqbal Nagar Mian Channu,Punjab
C8,Multan Khurd,Punjab
C9,Dhurnal,Punjab
C10,Dhok Zaman Chakrala,Punjab
165665,Okara City,Punjab
165726,Manga Mandi,Punjab
165732,"Bahria Town , Lahore",Punjab
165757,Lahore DHA Phase 3,Punjab
127500,"Bahria Enclave, Islamabad",Islamabad
128168,Swabi City,KPK
128522,"Ladian, Chakri",Punjab
IISLAMAB22,Banigala WU,Islamabad
IISLAM13,Quaid e Azam University WU,Islamabad
IISLAM9,G-15 WU,Islamabad
221884,Hiran Minar Toll Plaza,Punjab
IPUNJA24,Bassali village WU,Punjab
IISLAM1,Shah House F-10/2 Islamabad,Islamabad
IPUNJA22,"Miana Thub, Zone 5, ISB",Islamabad
IRAWAL3,"Zaraj, ISB",Islamabad
IISLAMAB7,F-11/2 ISLAMABAD WU,Islamabad
IISLAM11,E-11 ISLAMABAD,Islamabad
IPUNJABR2,WESTRIDGE-I Pindi,Punjab
IRAWAL18,"Bahria Town Phase 8, Rawalpindi WU",Punjab
IRAWAL29,"CHAKLALA SCHEME 3, RWP",Punjab
IRAWAL16,"Gulshanabad, Rawalpindi",Punjab
INUSHK12,Nushki,Balochistan
IFEDERAL8,"Bahria Town - Ph.2, RWP",Punjab
IKMILPUR2,Waisa Chach Valley,KPK
IKHYBERP3,Shahbaz Garhi,KPK
IKHYBE2,DANDAO1 Takhtbai,KPK
ILAHOR14,"Lahore Cantt, WU",Punjab
I90582126,Kot Rada Kishan,Punjab
I90582706,"Bilal Farms (8/P), Khanpur Dist RYK",Punjab
ISINDH20,Larkana,Sindh
ISINDH23,"Mirpurkhas, WNPK",Sindh
ISINDH25,Bahria Town Karachi WU,Sindh
IMURID1,"Chak Telian, Muridke",Punjab
ITURBA4,Teaching Hospital Turbat,Balochistan
IKARAC33,Dolmen City,Sindh
IKARAC12,Scheme-33,Sindh
IKARAC25,Saadi Town,Sindh
IKARAC24,Malir Cantt,Sindh
IKARAC17,karachi central,Sindh
ITANDO3,Tando Allahyar,Sindh
IKARAC38,Karachi Airport,Sindh
IJATI2,Sujawal City,Sindh
101361,Mitha Tiwana,Punjab
104536,Islamia University Bahawalpur,Punjab
117090,govtgraduatecollegebhakkar,Punjab
211337,Johar Town Lahore,Punjab
128962,"NUST University, Islamabad",Islamabad
129010,"Mehria Land, Attock City",Punjab
129104,"Shah Allah Ditta, ISB",Islamabad
180025,Kot Gullah,Punjab
180027,Jaranwala City,Punjab
129644,"Karore Village, Kotli Sattian",Punjab
129727,Wahali Zer,Punjab
182269,"Barrier 3 Lalazar Colony, Wah",Punjab
130584,Sir Gojra Mohala Chakwal,Punjab
130787,Pindi Gheb City,Punjab
194398,Jhelum City,Punjab
183871,"Garhi Mali Khel, Peshawar",KPK
144841,Rustam,KPK
131374,Kalabagh City,KPK
147435,"WeatherWalay HQ, I-9/2 Islamabad",Islamabad
131643,Mansehra Shahkheil Garhi,KPK
131893,"Gulraiz Car Chowk, RWP",Punjab
220024,Mitha Tiwana Thal TCF,Punjab
132393,Jalalpur Jattan,Punjab
132465,"PIA Housing Society, Lahore",Punjab
132463,Ferozewala,Punjab
206075,Gujranwala City,Punjab
133029,Muslim Colony Mianwali,Punjab
133035,Nammal University,Punjab
133150,Mailsi City,Punjab
133253,Burewala City,Punjab
133425,Model Town Hasilpur,Punjab
133509,"Gulgasht, Multan city",Punjab
130231,Mirpur city,AJK
134031,Bannu city,KPK
134038,Dera Ismael Khan,KPK
201736,"Shaheen hotel, Fort Monroe",Punjab
129498,Quetta Eastern Bypass,Balochistan
134268,Gulshan-e-Hadeed Karachi,Sindh
134297,PIB Colony Karachi,Sindh
IKARAC41,Sujrani Town PWS WU,Sindh
IISLAM21,I-10 WU,Islamabad
137535,Diamond Cricket Ground G-8/2,Islamabad
137991,Haji Abad Charsadda,KPK
IISLAM25,ISB,Islamabad
IISLAM26,F-8 Islamabad WU,Islamabad
146260,Shimshal Valley,Gilgit-Baltistan
147145,"Kulsoom International, Islamabad",Islamabad
C3,"D-17, Islamabad",Islamabad
147425,"Askari-14, Sec. A, RWP",Punjab
228127,Kot Momin Toll Plaza,Punjab
150067,"Block E, Satellite Town",Punjab
150367,"Farash Town, WW",Islamabad
150967,"Islamia University Bahawalpur, WW",Punjab
131812,"Malian Kalan, Sheikhupura",Punjab
129090,"Gattar, Dina",Punjab
129952,Gujjar Khan,Punjab
142628,"Chak 23, Sargodha",Punjab
139347,"Chitti Shiekhan, Sialkot",Punjab
133500,"Kot Agha Jajjah, Pasrur",Punjab
217831,"Saima Arabian Villas, Surjani, Karachi",Sindh
216612,Chakri Toll Plaza,Punjab
221544,Balkasar Toll Plaza,Punjab
221563,Islamabad toll plaza,Islamabad
221555,Neela dulha,Punjab
221695,Kallar Kahar,Punjab
221726,Bhera,Punjab
221703,Lillah Interchange,Punjab
221746,Salam,Punjab
221873,Ravi Toll Plaza,Punjab
221910,Khanqa Dograh Toll Plaza,Punjab
221938,Pindi Bhattian Toll Plaza,Punjab
